{
    "soft-iron": [[1.030290,  0.013679,  0.026508],
                  [0.013679,  1.034686, -0.031432],
                  [0.013679, -0.031432,  0.939886]],

    "hard-iron": [-0.052077,  0.029353,  0.134264],

    "gyro-bias": [0.00038, -0.000438, -0.000205],

    "declination": 12.82
}