{"dFDFcorMAD": 0.002636335324496031, "phiPeakPIfit_rm2": 30.0045333191423, "dPhiPeakPIfit_rm2": 0.05815681492242339, "ampPeakPIfit": 0.5972137868772989, "ampPeakPIfitEff": 0.5972111094418239, "dAmpPeakPIfit": 0.0011791661736503998, "snrPIfit": 506.47126776752447, "indxPeakPIfit": 922.5872026027035, "peakFDFimagFit": -0.04575621843589925, "peakFDFrealFit": 0.5926625849809146, "polAngleFit_deg": 177.79263274758532, "dPolAngleFit_deg": 0.0565637017926372, "polAngle0Fit_deg": 179.89325368722348, "dPolAngle0Fit_deg": 0.32244950573499276, "Ifreq0": 1.0011966264349914, "polyCoeffs": "0.0,0.0,0.0,0.08289043209028722,-0.008828923234413462,1.0010770256689716", "polyCoefferr": "0.0,0.0,0.0,0.3782165308835604,0.01348646503819042,0.0017456211094337103", "poly_reffreq": 944000000.2222222, "polyOrd": 2, "IfitStat": 1, "IfitChiSqRed": 0.8822971518500853, "fit_function": "log", "lam0Sq_m2": 0.10348202616022313, "freq0_Hz": 931940606.1925781, "fwhmRMSF": 58.90951156616211, "dQU": 0.020000964403152466, "dFDFth": 0.0011791661736503998, "units": "Jy/beam", "min_freq": 800000000.0, "max_freq": 1088000000.0, "N_channels": 288, "median_channel_width": 1003456.0, "fracPol": 0.5964973249743579, "sigmaAddQ": 0.025699976019788684, "dSigmaAddMinusQ": 0.018421032450481132, "dSigmaAddPlusQ": 0.09034548997755934, "sigmaAddU": 0.11477937908220377, "dSigmaAddMinusU": 0.10514714179314395, "dSigmaAddPlusU": 0.24002453212260283}